{
  "format_version": "1.8.0",
  "animations": {
    "open": {
      "loop": "hold_on_last_frame",
      "animation_length": 1,
      "bones": {
        "lever": {
          "rotation": {
            "0.0": {
              "vector": [0, 0, 0],
              "easing": "bezier",
              "left": [0, 0, 0],
              "left_time": [-0.1, -0.1, -0.1],
              "right": [0, 0, 0],
              "right_time": [0.1, 0.1, 0.1]
            },
            "0.0417": [1.14684, 0, 0],
            "0.0833": [2.98891, 0, 0],
            "0.125": [5.05767, 0, 0],
            "0.6667": [35.92607, 0, 0],
            "0.8333": [45.25241, 0, 0],
            "0.875": [47.44233, 0, 0],
            "0.9167": [49.51109, 0, 0],
            "0.9583": [51.35316, 0, 0],
            "1.0": {
              "vector": [52.5, 0, 0],
              "easing": "bezier",
              "left": [0, 0, 0],
              "left_time": [-0.1, -0.1, -0.1],
              "right": [0, 0, 0],
              "right_time": [0.1, 0.1, 0.1]
            }
          }
        }
      }
    },
    "close": {
      "loop": "hold_on_last_frame",
      "animation_length": 1,
      "bones": {
        "lever": {
          "rotation": {
            "0.0": {
              "vector": [52.5, 0, 0]
            },
            "0.0417": [51.35316, 0, 0],
            "0.0833": [49.51109, 0, 0],
            "0.125": [47.44233, 0, 0],
            "0.6667": [16.57393, 0, 0],
            "0.8333": [7.24759, 0, 0],
            "0.875": [5.05767, 0, 0],
            "0.9167": [2.98891, 0, 0],
            "0.9583": [1.14684, 0, 0],
            "1.0": {
              "vector": [0, 0, 0]
            }
          }
        }
      },
      "particle_effects": {}
    },
    "flow": {
      "loop": true,
      "bones": {
        "lever": {
          "rotation": {
            "vector": [52.5, 0, 0]
          }
        }
      },
      "particle_effects": {
        "0.0": {
          "effect": "beer_keg_flow",
          "locator": "beer_flow_point"
        }
      }
    }
  },
  "geckolib_format_version": 2
}